<?xml version='1.0' encoding='UTF-8'?>
<?metadataRepository version='1.2.0'?>
<repository name='org.eclipse.core.pki.update' type='org.eclipse.equinox.internal.p2.metadata.repository.LocalMetadataRepository' version='1'>
  <properties size='2'>
    <property name='p2.timestamp' value='1726654004976'/>
    <!--<property name='p2.uuid' value='8c281255-727c-4cc3-ae05-166418340cc8'/>-->
    <property name='p2.compressed' value='true'/>
  </properties>
  <references size='2'>
    <repository uri='https://idetoolsio.github.io/core/updatesite' url='https://idetoolsio.github.io/core/updatesite' type='0' options='0'/>
    <repository uri='https://idetoolsio.github.io/core/updatesite' url='https://idetoolsio.github.io/core/updatesite' type='1' options='0'/>
  </references>
  <units size='3'>
    <unit id='org.eclipse.core.pki.feature.feature.jar' version='1.0.2.202409181006'>
      <properties size='7'>
        <property name='org.eclipse.equinox.p2.name' value='Eclipse Core PKI Security Resources'/>
        <property name='org.eclipse.equinox.p2.description' value='PKI Security Features for core and UI'/>
        <property name='org.eclipse.equinox.p2.provider' value='Delmarva Security'/>
        <property name='maven-groupId' value='org.eclipse.core.pki.feature'/>
        <property name='maven-artifactId' value='org.eclipse.core.pki.feature'/>
        <property name='maven-version' value='1.0.2-SNAPSHOT'/>
        <property name='maven-type' value='eclipse-feature'/>
      </properties>
      <provides size='3'>
        <provided namespace='org.eclipse.equinox.p2.iu' name='org.eclipse.core.pki.feature.feature.jar' version='1.0.2.202409181006'/>
        <provided namespace='org.eclipse.equinox.p2.eclipse.type' name='feature' version='1.0.0'/>
        <provided namespace='org.eclipse.update.feature' name='org.eclipse.core.pki.feature' version='1.0.2.202409181006'/>
      </provides>
      <filter>
        (org.eclipse.update.install.features=true)
      </filter>
      <artifacts size='1'>
        <artifact classifier='org.eclipse.update.feature' id='org.eclipse.core.pki.feature' version='1.0.2.202409181006'/>
      </artifacts>
      <touchpoint id='org.eclipse.equinox.p2.osgi' version='1.0.0'/>
      <touchpointData size='1'>
        <instructions size='1'>
          <instruction key='zipped'>
            true
          </instruction>
        </instructions>
      </touchpointData>
      <licenses size='1'>
        <license uri='' url=''>
          Copyright (c) 2023 Eclipse Platform, Security Group and others.&#xA; &#xA;  This program and the accompanying materials&#xA;  are made available under the terms of the Eclipse Public License 2.0&#xA;  which accompanies this distribution, and is available at&#xA;  https://www.eclipse.org/legal/epl-2.0/&#xA; &#xA;  SPDX-License-Identifier: EPL-2.0&#xA; &#xA;  Contributors:&#xA;      Eclipse Platform - initial API and implementation Delmarva Security
        </license>
      </licenses>
      <copyright>
        Copyright (c) 2023 Eclipse Platform, Delmarva Security Group and others.
      </copyright>
    </unit>
    <unit id='org.eclipse.core.pki' version='1.0.2.202409181006' generation='2'>
    <update id='org.eclipse.core.pki' range='[0.0.0,1.0.2.202409181006)' severity='0'/>
    <properties size='7'>
      <property name='org.eclipse.equinox.p2.name' value='PKI Core'/>
      <property name='org.eclipse.equinox.p2.provider' value='Delmarva Security'/>
      <property name='org.eclipse.equinox.p2.bundle.localization' value='plugin'/>
      <property name='maven-groupId' value='security'/>
      <property name='maven-artifactId' value='org.eclipse.core.pki'/>
      <property name='maven-version' value='1.0.2-SNAPSHOT'/>
      <property name='maven-type' value='eclipse-plugin'/>
    </properties>
    <provides size='9'>
      <provided namespace='org.eclipse.equinox.p2.iu' name='org.eclipse.core.pki' version='1.0.2.202409181006'/>
      <provided namespace='osgi.bundle' name='org.eclipse.core.pki' version='1.0.2.202409181006'/>
      <provided namespace='java.package' name='org.eclipse.core.pki' version='0.0.0'/>
      <provided namespace='java.package' name='org.eclipse.core.pki.auth' version='0.0.0'/>
      <provided namespace='java.package' name='org.eclipse.core.pki.pkiselection' version='0.0.0'/>
      <provided namespace='java.package' name='org.eclipse.core.pki.util' version='0.0.0'/>
      <provided namespace='java.package' name='org.eclipse.pki.exception' version='0.0.0'/>
      <provided namespace='osgi.identity' name='org.eclipse.core.pki' version='1.0.2.202409181006'>
        <properties size='1'>
          <property name='type' value='osgi.bundle'/>
        </properties>
      </provided>
      <provided namespace='org.eclipse.equinox.p2.eclipse.type' name='bundle' version='1.0.0'/>
    </provides>
    <requires size='13'>
      <!--<required namespace='osgi.bundle' name='org.eclipse.equinox.common' range='3.12.0'/>-->
      <required namespace='osgi.bundle' name='org.eclipse.ui.workbench' range='0.0.0'/>
      <required namespace='osgi.bundle' name='org.eclipse.osgi.services' range='3.11.100'/>
      <required namespace='osgi.bundle' name='org.eclipse.osgi' range='3.4.0'/>
      <required namespace='osgi.bundle' name='org.eclipse.ui' range='0.0.0'/>
      <required namespace='osgi.bundle' name='org.eclipse.debug.core' range='0.0.0'/>
      <required namespace='osgi.bundle' name='org.eclipse.core.runtime' range='0.0.0'/>
      <required namespace='java.package' name='org.eclipse.core.internal.net' range='0.0.0'/>
      <required namespace='java.package' name='org.eclipse.core.net.proxy' range='0.0.0'/>
      <required namespace='java.package' name='org.eclipse.core.resources' range='0.0.0'/>
      <required namespace='java.package' name='org.eclipse.core.runtime' range='3.7.0'/>
      <required namespace='java.package' name='org.osgi.framework' range='0.0.0' optional='true' greedy='false'/>
      <requiredProperties namespace='osgi.ee' match='(&amp;(osgi.ee=JavaSE)(version=17))'>
        <description>
          org.eclipse.core.pki
        </description>
      </requiredProperties>
      <required namespace='org.eclipse.equinox.p2.iu' name='org.eclipse.core.pki.source' range='[1.0.2.202409181006,1.0.2.202409181006]' optional='true'>
        <filter>
          (org.eclipse.update.install.sources=true)
        </filter>
      </required>
    </requires>
    <artifacts size='1'>
      <artifact classifier='osgi.bundle' id='org.eclipse.core.pki' version='1.0.2.202409181006'/>
    </artifacts>
    <touchpoint id='org.eclipse.equinox.p2.osgi' version='1.0.0'/>
    <touchpointData size='1'>
      <instructions size='1'>
        <instruction key='manifest'>
          Bundle-SymbolicName: org.eclipse.core.pki; singleton:=true&#xA;Bundle-Version: 1.0.2.202409181006&#xA;
        </instruction>
      </instructions>
    </touchpointData>
  </unit>
  <unit id='org.eclipse.ui.pki' version='1.0.1.202409181006' generation='2'>
    <update id='org.eclipse.ui.pki' range='[0.0.0,1.0.1.202409181006)' severity='0'/>
    <properties size='6'>
      <property name='org.eclipse.equinox.p2.name' value='PkiUI'/>
      <property name='org.eclipse.equinox.p2.provider' value='Security Team'/>
      <property name='maven-groupId' value='security'/>
      <property name='maven-artifactId' value='org.eclipse.ui.pki'/>
      <property name='maven-version' value='1.0.1-SNAPSHOT'/>
      <property name='maven-type' value='eclipse-plugin'/>
    </properties>
    <provides size='8'>
      <provided namespace='org.eclipse.equinox.p2.iu' name='org.eclipse.ui.pki' version='1.0.1.202409181006'/>
      <provided namespace='osgi.bundle' name='org.eclipse.ui.pki' version='1.0.1.202409181006'/>
      <provided namespace='java.package' name='org.eclipse.ui.pki.pkcs' version='0.0.0'/>
      <provided namespace='java.package' name='org.eclipse.ui.pki.pkiselection' version='0.0.0'/>
      <provided namespace='java.package' name='org.eclipse.ui.pki.preferences' version='0.0.0'/>
      <provided namespace='java.package' name='org.eclipse.ui.pki.util' version='0.0.0'/>
      <provided namespace='osgi.identity' name='org.eclipse.ui.pki' version='1.0.1.202409181006'>
        <properties size='1'>
          <property name='type' value='osgi.bundle'/>
        </properties>
      </provided>
      <provided namespace='org.eclipse.equinox.p2.eclipse.type' name='bundle' version='1.0.0'/>
    </provides>
    <requires size='14'>
      <required namespace='osgi.bundle' name='org.eclipse.jface' range='0.0.0'/>
      <required namespace='osgi.bundle' name='org.eclipse.equinox.preferences' range='3.10.200'/>
      <required namespace='osgi.bundle' name='org.eclipse.equinox.common' range='3.18.0'/>
      <required namespace='osgi.bundle' name='org.eclipse.osgi' range='3.18.400'/>
      <required namespace='osgi.bundle' name='org.eclipse.ui' range='3.203.100'/>
      <required namespace='osgi.bundle' name='org.eclipse.core.runtime' range='0.0.0'/>
      <required namespace='osgi.bundle' name='org.eclipse.equinox.security' range='1.3.1000'/>
      <required namespace='osgi.bundle' name='org.eclipse.core.pki' range='0.0.0'/>
      <required namespace='java.package' name='org.eclipse.core.pki' range='0.0.0'/>
      <required namespace='java.package' name='org.eclipse.core.pki.auth' range='0.0.0'/>
      <required namespace='java.package' name='org.eclipse.jface.wizard' range='0.0.0'/>
      <required namespace='java.package' name='org.osgi.framework' range='1.3.0'/>
      <requiredProperties namespace='osgi.ee' match='(&amp;(osgi.ee=JavaSE)(version=18))'>
        <description>
          org.eclipse.ui.pki
        </description>
      </requiredProperties>
      <required namespace='org.eclipse.equinox.p2.iu' name='org.eclipse.ui.pki.source' range='[1.0.1.202409181006,1.0.1.202409181006]' optional='true'>
        <filter>
          (org.eclipse.update.install.sources=true)
        </filter>
      </required>
    </requires>
    <artifacts size='1'>
      <artifact classifier='osgi.bundle' id='org.eclipse.ui.pki' version='1.0.1.202409181006'/>
    </artifacts>
    <touchpoint id='org.eclipse.equinox.p2.osgi' version='1.0.0'/>
    <touchpointData size='1'>
      <instructions size='1'>
        <instruction key='manifest'>
          Bundle-SymbolicName: org.eclipse.ui.pki;singleton:=true&#xA;Bundle-Version: 1.0.1.202409181006&#xA;
        </instruction>
      </instructions>
    </touchpointData>
  </unit>
</units>
</repository>
